TableSize,DataSize,insertLinkedTime,searchLinkedTime,deleteLinkedTime,insertOpenedTime,searchOpenedTime,deleteOpenedTime
100,50,0.300000,0.060000,0.160000,0.360000,0.320000,0.320000
200,100,0.280000,0.040000,0.160000,0.320000,0.140000,0.140000
300,150,0.280000,0.060000,0.160000,0.220000,0.120000,0.120000
400,200,1.200000,0.060000,0.160000,0.460000,0.180000,0.160000
500,250,0.200000,0.060000,0.160000,0.220000,0.100000,0.140000
600,300,0.160000,0.060000,0.160000,0.200000,0.100000,0.100000
700,350,0.160000,0.060000,0.160000,0.280000,0.180000,0.160000
800,400,0.500000,0.120000,0.200000,0.260000,0.120000,0.120000
900,450,0.320000,0.080000,0.280000,0.640000,0.120000,0.120000
1000,500,0.200000,0.040000,0.160000,0.200000,0.140000,0.140000
1100,550,0.180000,0.060000,0.160000,0.200000,0.120000,0.120000
1200,600,0.200000,0.040000,0.180000,0.180000,0.100000,0.100000
1300,650,0.340000,0.080000,0.220000,0.200000,0.120000,0.100000
1400,700,0.180000,0.060000,0.160000,0.180000,0.100000,0.100000
1500,750,0.180000,0.040000,0.160000,0.200000,0.120000,0.120000
1600,800,0.180000,0.040000,0.160000,0.220000,0.120000,0.120000
1700,850,0.160000,0.040000,0.160000,0.240000,0.100000,0.100000
1800,900,0.160000,0.040000,0.160000,0.240000,0.120000,0.120000
1900,950,0.180000,0.060000,0.160000,0.180000,0.100000,0.100000
2000,1000,0.160000,0.060000,0.160000,0.180000,0.080000,0.080000
2100,1050,0.180000,0.060000,0.160000,0.220000,0.120000,0.120000
2200,1100,0.160000,0.040000,0.160000,0.180000,0.100000,0.100000
2300,1150,0.160000,0.040000,0.160000,0.200000,0.120000,0.120000
2400,1200,0.160000,0.060000,0.160000,0.220000,0.100000,0.100000
2500,1250,0.180000,0.060000,0.160000,0.180000,0.100000,0.080000
2600,1300,0.160000,0.040000,0.160000,0.180000,0.100000,0.100000
2700,1350,0.180000,0.040000,0.160000,0.200000,0.100000,0.100000
2800,1400,0.160000,0.060000,0.160000,0.200000,0.100000,0.100000
2900,1450,0.160000,0.060000,0.220000,0.200000,0.120000,0.120000
3000,1500,0.160000,0.040000,0.160000,0.200000,0.080000,0.080000
3100,1550,0.160000,0.060000,0.160000,0.180000,0.080000,0.080000
3200,1600,0.160000,0.040000,0.160000,0.220000,0.120000,0.120000
3300,1650,0.160000,0.040000,0.160000,0.200000,0.120000,0.120000
3400,1700,0.180000,0.040000,0.160000,0.180000,0.080000,0.080000
3500,1750,0.160000,0.040000,0.160000,0.180000,0.100000,0.100000
3600,1800,0.160000,0.040000,0.160000,0.200000,0.100000,0.100000
3700,1850,0.160000,0.040000,0.160000,0.180000,0.080000,0.080000
3800,1900,0.160000,0.040000,0.160000,0.280000,0.120000,0.120000
3900,1950,0.200000,0.060000,0.160000,0.180000,0.120000,0.120000
4000,2000,0.180000,0.040000,0.160000,0.200000,0.100000,0.100000
4100,2050,0.160000,0.040000,0.160000,0.200000,0.100000,0.100000
4200,2100,0.180000,0.060000,0.160000,0.180000,0.100000,0.080000
4300,2150,0.160000,0.060000,0.160000,0.180000,0.100000,0.100000
4400,2200,0.200000,0.060000,0.160000,0.200000,0.100000,0.100000
4500,2250,0.160000,0.040000,0.160000,0.180000,0.080000,0.080000
4600,2300,0.160000,0.080000,0.160000,0.200000,0.100000,0.100000
4700,2350,1.260000,0.060000,0.160000,0.200000,0.100000,0.100000
4800,2400,0.160000,0.060000,0.160000,0.200000,0.120000,0.120000
4900,2450,0.180000,0.060000,0.160000,0.200000,0.100000,0.100000
5000,2500,0.200000,0.060000,0.160000,0.200000,0.080000,0.080000
5100,2550,0.160000,0.040000,0.160000,0.200000,0.100000,0.100000
5200,2600,0.160000,0.040000,0.160000,0.200000,0.100000,0.120000
5300,2650,0.160000,0.040000,0.160000,0.200000,0.120000,0.100000
5400,2700,0.180000,0.040000,0.160000,0.200000,0.100000,0.100000
5500,2750,0.180000,0.060000,0.160000,0.180000,0.100000,0.100000
5600,2800,0.180000,0.060000,0.160000,0.200000,0.120000,0.120000
5700,2850,0.180000,0.060000,0.160000,0.200000,0.100000,0.120000
5800,2900,0.180000,0.060000,0.160000,0.200000,0.100000,0.100000
5900,2950,0.480000,0.060000,0.160000,0.200000,0.100000,0.100000
6000,3000,0.160000,0.040000,0.160000,0.180000,0.100000,0.080000
6100,3050,0.160000,0.040000,0.160000,0.200000,0.080000,0.080000
6200,3100,0.160000,0.060000,0.160000,0.220000,0.100000,0.100000
6300,3150,0.220000,0.060000,0.160000,0.200000,0.100000,0.100000
6400,3200,0.180000,0.060000,0.160000,0.200000,0.100000,0.100000
6500,3250,0.160000,0.060000,0.180000,0.220000,0.120000,0.120000
6600,3300,0.420000,0.060000,0.160000,0.200000,0.100000,0.100000
6700,3350,0.240000,0.060000,0.180000,1.260000,0.100000,0.080000
6800,3400,0.160000,0.060000,0.160000,0.180000,0.080000,0.080000
6900,3450,0.180000,0.040000,0.160000,0.180000,0.080000,0.100000
7000,3500,0.160000,0.060000,0.160000,0.200000,0.100000,0.100000
7100,3550,0.160000,0.060000,0.160000,0.200000,0.120000,0.120000
7200,3600,0.160000,0.040000,0.160000,0.200000,0.120000,0.100000
7300,3650,0.160000,0.040000,0.160000,0.180000,0.080000,0.080000
7400,3700,0.160000,0.040000,0.160000,0.200000,0.100000,0.100000
7500,3750,0.160000,0.060000,0.160000,0.220000,0.120000,0.120000
7600,3800,0.200000,0.060000,0.160000,0.200000,0.100000,0.100000
7700,3850,0.160000,0.060000,0.160000,0.180000,0.080000,0.100000
7800,3900,0.160000,0.060000,0.160000,0.220000,0.120000,0.120000
7900,3950,0.160000,0.060000,0.160000,0.200000,0.100000,0.100000
8000,4000,0.160000,0.040000,0.160000,0.220000,0.140000,0.120000
8100,4050,0.160000,0.040000,0.160000,0.200000,0.100000,0.100000
8200,4100,0.320000,0.060000,0.180000,0.200000,0.120000,0.120000
8300,4150,0.160000,0.040000,0.160000,0.200000,0.080000,0.080000
8400,4200,0.160000,0.060000,0.160000,0.180000,0.080000,0.100000
8500,4250,0.160000,0.040000,0.160000,0.180000,0.080000,0.080000
8600,4300,0.160000,0.040000,0.160000,0.200000,0.100000,0.100000
8700,4350,0.160000,0.040000,0.160000,0.200000,0.100000,0.100000
8800,4400,0.360000,0.060000,0.160000,0.200000,0.120000,0.120000
8900,4450,0.160000,0.040000,0.160000,0.220000,0.120000,0.120000
9000,4500,0.160000,0.040000,0.160000,0.200000,0.100000,0.100000
9100,4550,0.160000,0.060000,0.160000,0.200000,0.100000,0.100000
9200,4600,0.160000,0.040000,0.160000,0.200000,0.120000,0.120000
9300,4650,0.160000,0.060000,0.160000,0.200000,0.120000,0.120000
9400,4700,0.180000,0.060000,0.160000,0.200000,0.100000,0.100000
9500,4750,0.200000,0.060000,0.160000,0.200000,0.080000,0.100000
9600,4800,0.160000,0.060000,0.160000,0.200000,0.080000,0.080000
9700,4850,0.160000,0.040000,0.160000,0.180000,0.080000,0.080000
9800,4900,0.160000,0.060000,0.160000,0.200000,0.080000,0.080000
9900,4950,0.160000,0.060000,0.160000,0.200000,0.100000,0.100000
10000,5000,0.160000,0.060000,0.160000,0.220000,0.100000,0.100000
10100,5050,0.180000,0.040000,0.160000,0.220000,0.100000,0.100000
10200,5100,0.160000,0.040000,0.160000,0.200000,0.100000,0.100000
10300,5150,0.460000,0.060000,0.160000,0.200000,0.100000,0.100000
10400,5200,0.160000,0.040000,0.160000,0.180000,0.080000,0.080000
10500,5250,0.180000,0.060000,0.160000,0.200000,0.100000,0.100000
10600,5300,0.160000,0.060000,0.160000,0.200000,0.100000,0.100000
10700,5350,0.160000,0.060000,0.160000,0.200000,0.100000,0.100000
10800,5400,0.180000,0.060000,0.160000,0.220000,0.120000,0.120000
10900,5450,0.180000,0.060000,0.180000,0.200000,0.080000,0.100000
11000,5500,0.160000,0.040000,0.160000,0.200000,0.100000,0.100000
11100,5550,0.340000,0.060000,0.160000,0.220000,0.120000,0.120000
11200,5600,0.160000,0.060000,0.160000,0.200000,0.100000,0.100000
11300,5650,0.160000,0.060000,0.160000,0.200000,0.100000,0.100000
11400,5700,0.160000,0.060000,0.160000,0.220000,0.140000,0.140000
11500,5750,0.240000,0.060000,0.180000,0.240000,0.100000,0.100000
11600,5800,0.180000,0.060000,0.160000,0.200000,0.080000,0.080000
11700,5850,0.160000,0.040000,0.160000,0.200000,0.080000,0.080000
11800,5900,0.160000,0.040000,0.160000,0.200000,0.100000,0.100000
11900,5950,0.160000,0.060000,0.160000,0.240000,0.160000,0.160000
12000,6000,0.160000,0.060000,0.160000,0.220000,0.100000,0.100000
12100,6050,0.140000,0.040000,0.160000,0.220000,0.140000,0.140000
12200,6100,0.160000,0.040000,0.160000,0.200000,0.100000,0.100000
12300,6150,0.180000,0.060000,0.160000,0.220000,0.100000,0.100000
12400,6200,0.180000,0.040000,0.180000,0.200000,0.080000,0.080000
12500,6250,0.180000,0.060000,0.160000,0.240000,0.100000,0.100000
12600,6300,0.160000,0.060000,0.160000,0.200000,0.080000,0.080000
12700,6350,0.160000,0.040000,0.160000,0.220000,0.120000,0.120000
12800,6400,0.160000,0.040000,0.160000,0.220000,0.120000,0.120000
12900,6450,0.160000,0.040000,0.160000,0.200000,0.120000,0.140000
13000,6500,0.160000,0.040000,0.160000,0.380000,0.120000,0.120000
13100,6550,0.200000,0.060000,0.160000,0.200000,0.100000,0.100000
13200,6600,0.180000,0.060000,0.160000,0.200000,0.080000,0.080000
13300,6650,0.160000,0.060000,0.160000,0.220000,0.100000,0.100000
13400,6700,0.160000,0.060000,0.160000,0.200000,0.100000,0.100000
13500,6750,0.160000,0.040000,0.160000,0.200000,0.080000,0.080000
13600,6800,0.160000,0.060000,0.180000,0.200000,0.100000,0.100000
13700,6850,0.160000,0.060000,0.160000,0.200000,0.080000,0.080000
13800,6900,0.160000,0.060000,0.180000,0.200000,0.080000,0.100000
13900,6950,0.160000,0.040000,0.160000,0.200000,0.120000,0.120000
14000,7000,0.140000,0.040000,0.160000,0.220000,0.120000,0.120000
14100,7050,0.160000,0.040000,0.160000,0.200000,0.100000,0.120000
14200,7100,0.160000,0.060000,0.160000,0.220000,0.140000,0.120000
14300,7150,0.160000,0.040000,0.160000,0.200000,0.100000,0.080000
14400,7200,0.160000,0.040000,0.160000,0.200000,0.100000,0.100000
14500,7250,0.200000,0.040000,0.160000,0.200000,0.080000,0.080000
14600,7300,0.180000,0.060000,0.180000,0.200000,0.120000,0.100000
14700,7350,0.160000,0.060000,0.180000,0.200000,0.100000,0.100000
14800,7400,0.180000,0.060000,0.160000,0.180000,0.080000,0.080000
14900,7450,0.180000,0.040000,0.160000,0.200000,0.100000,0.100000
15000,7500,0.180000,0.060000,0.160000,0.220000,0.120000,0.120000
15100,7550,0.160000,0.060000,0.160000,0.180000,0.080000,0.060000
15200,7600,0.160000,0.040000,0.160000,0.200000,0.100000,0.100000
15300,7650,0.160000,0.040000,0.160000,1.300000,0.140000,0.120000
15400,7700,0.160000,0.060000,0.160000,0.200000,0.100000,0.100000
15500,7750,0.160000,0.040000,0.160000,0.200000,0.100000,0.100000
15600,7800,0.160000,0.040000,0.160000,0.200000,0.100000,0.100000
15700,7850,0.160000,0.040000,0.160000,0.200000,0.100000,0.100000
15800,7900,0.160000,0.040000,0.160000,0.200000,0.080000,0.100000
15900,7950,0.160000,0.060000,0.160000,0.200000,0.080000,0.080000
16000,8000,0.160000,0.040000,0.160000,0.200000,0.100000,0.120000
16100,8050,0.160000,0.040000,0.160000,0.200000,0.100000,0.080000
16200,8100,0.160000,0.040000,0.160000,0.200000,0.080000,0.080000
16300,8150,0.160000,0.060000,0.160000,0.200000,0.080000,0.100000
16400,8200,0.160000,0.060000,0.160000,0.220000,0.100000,0.100000
16500,8250,0.160000,0.040000,0.160000,0.220000,0.100000,0.100000
16600,8300,0.160000,0.040000,0.160000,0.200000,0.080000,0.100000
16700,8350,0.180000,0.040000,0.160000,0.240000,0.120000,0.120000
16800,8400,0.180000,0.060000,0.160000,0.220000,0.120000,0.120000
16900,8450,0.160000,0.040000,0.160000,0.200000,0.080000,0.080000
17000,8500,0.160000,0.040000,0.160000,0.220000,0.100000,0.100000
17100,8550,0.180000,0.060000,0.160000,0.200000,0.120000,0.120000
17200,8600,0.340000,0.060000,0.160000,0.200000,0.080000,0.080000
17300,8650,0.160000,0.040000,0.160000,0.300000,0.120000,0.120000
17400,8700,0.160000,0.040000,0.160000,0.200000,0.080000,0.080000
17500,8750,0.160000,0.060000,0.160000,0.220000,0.100000,0.100000
17600,8800,0.160000,0.040000,0.160000,0.220000,0.100000,0.100000
17700,8850,0.160000,0.040000,0.160000,0.200000,0.100000,0.100000
17800,8900,0.160000,0.060000,0.160000,0.240000,0.120000,0.120000
17900,8950,0.160000,0.060000,0.160000,0.200000,0.080000,0.080000
18000,9000,0.180000,0.040000,0.160000,0.220000,0.120000,0.120000
18100,9050,0.160000,0.040000,0.160000,0.220000,0.120000,0.120000
18200,9100,0.180000,0.060000,0.180000,0.200000,0.100000,0.100000
18300,9150,0.160000,0.040000,0.160000,0.260000,0.100000,0.100000
18400,9200,0.160000,0.060000,0.180000,0.180000,0.080000,0.080000
18500,9250,0.160000,0.040000,0.160000,0.220000,0.100000,0.100000
18600,9300,0.160000,0.040000,0.160000,1.460000,0.120000,0.120000
18700,9350,0.160000,0.040000,0.160000,0.200000,0.080000,0.100000
18800,9400,0.160000,0.040000,0.160000,0.220000,0.140000,0.120000
18900,9450,0.160000,0.040000,0.160000,0.200000,0.080000,0.080000
19000,9500,0.160000,0.060000,0.160000,0.200000,0.080000,0.080000
19100,9550,0.160000,0.060000,0.160000,1.480000,0.160000,0.140000
19200,9600,0.160000,0.060000,0.160000,0.200000,0.080000,0.120000
19300,9650,0.160000,0.040000,0.160000,1.420000,0.120000,0.100000
19400,9700,0.160000,0.060000,0.160000,0.220000,0.120000,0.120000
19500,9750,0.160000,0.060000,0.160000,0.200000,0.100000,0.100000
19600,9800,0.160000,0.040000,0.160000,0.200000,0.080000,0.080000
19700,9850,0.160000,0.040000,0.160000,0.220000,0.100000,0.100000
19800,9900,0.220000,0.060000,0.160000,0.240000,0.100000,0.100000
19900,9950,0.180000,0.060000,0.160000,0.220000,0.100000,0.100000
20000,10000,0.160000,0.040000,0.160000,0.240000,0.100000,0.100000
20100,10050,0.160000,0.040000,0.160000,1.620000,0.100000,0.100000
20200,10100,0.160000,0.040000,0.160000,0.220000,0.100000,0.120000
20300,10150,0.160000,0.040000,0.160000,0.200000,0.100000,0.100000
20400,10200,0.160000,0.040000,0.160000,0.200000,0.060000,0.080000
20500,10250,0.180000,0.040000,0.180000,0.200000,0.100000,0.100000
20600,10300,0.180000,0.060000,0.180000,0.200000,0.100000,0.100000
20700,10350,0.160000,0.040000,0.160000,0.200000,0.100000,0.080000
20800,10400,0.160000,0.040000,0.160000,0.240000,0.120000,0.120000
20900,10450,0.160000,0.040000,0.160000,0.240000,0.140000,0.140000
21000,10500,0.160000,0.040000,0.160000,0.260000,0.120000,0.120000
21100,10550,0.160000,0.040000,0.160000,0.220000,0.120000,0.100000
21200,10600,0.180000,0.060000,0.180000,0.220000,0.120000,0.120000
21300,10650,0.180000,0.060000,0.160000,0.240000,0.120000,0.120000
21400,10700,0.180000,0.060000,0.160000,0.220000,0.100000,0.100000
21500,10750,0.180000,0.040000,0.160000,0.260000,0.100000,0.100000
21600,10800,0.160000,0.060000,0.180000,0.240000,0.120000,0.120000
21700,10850,0.160000,0.040000,0.160000,0.200000,0.080000,0.080000
21800,10900,0.160000,0.040000,0.160000,0.200000,0.080000,0.080000
21900,10950,0.160000,0.040000,0.160000,0.220000,0.100000,0.100000
22000,11000,0.160000,0.040000,0.160000,0.200000,0.080000,0.080000
22100,11050,0.180000,0.060000,0.160000,0.200000,0.080000,0.080000
22200,11100,0.160000,0.040000,0.160000,0.200000,0.080000,0.080000
22300,11150,0.160000,0.040000,0.160000,0.220000,0.120000,0.120000
22400,11200,0.160000,0.040000,0.160000,0.200000,0.100000,0.100000
22500,11250,0.160000,0.040000,0.160000,0.240000,0.100000,0.100000
22600,11300,0.400000,0.060000,0.160000,0.220000,0.100000,0.100000
22700,11350,0.180000,0.060000,0.180000,0.260000,0.100000,0.080000
22800,11400,0.180000,0.060000,0.180000,0.220000,0.080000,0.080000
22900,11450,0.160000,0.040000,0.160000,0.240000,0.120000,0.100000
23000,11500,0.160000,0.060000,0.160000,0.220000,0.120000,0.120000
23100,11550,0.160000,0.040000,0.160000,0.220000,0.100000,0.100000
23200,11600,0.480000,0.060000,0.180000,0.200000,0.100000,0.100000
23300,11650,0.160000,0.040000,0.160000,0.240000,0.120000,0.120000
23400,11700,0.160000,0.040000,0.160000,0.220000,0.080000,0.080000
23500,11750,0.160000,0.060000,0.180000,0.200000,0.080000,0.080000
23600,11800,0.160000,0.040000,0.160000,0.200000,0.100000,0.100000
23700,11850,0.360000,0.040000,0.160000,0.220000,0.100000,0.100000
23800,11900,0.160000,0.040000,0.160000,0.200000,0.080000,0.100000
23900,11950,0.160000,0.040000,0.160000,0.220000,0.100000,0.100000
24000,12000,0.160000,0.040000,0.160000,0.260000,0.120000,0.120000
24100,12050,0.180000,0.040000,0.160000,1.520000,0.140000,0.100000
24200,12100,0.160000,0.060000,0.160000,0.240000,0.140000,0.100000
24300,12150,0.140000,0.040000,0.160000,0.220000,0.100000,0.100000
24400,12200,0.160000,0.040000,0.160000,0.240000,0.100000,0.100000
24500,12250,0.160000,0.040000,0.160000,0.200000,0.080000,0.080000
24600,12300,0.160000,0.060000,0.160000,0.200000,0.100000,0.100000
24700,12350,0.160000,0.060000,0.160000,0.220000,0.100000,0.080000
24800,12400,0.160000,0.040000,0.160000,0.200000,0.100000,0.100000
24900,12450,0.160000,0.060000,0.160000,0.280000,0.120000,0.120000
25000,12500,0.700000,0.080000,0.220000,0.240000,0.100000,0.100000
25100,12550,0.160000,0.060000,0.160000,0.220000,0.080000,0.080000
25200,12600,0.160000,0.040000,0.160000,0.220000,0.080000,0.080000
25300,12650,0.160000,0.060000,0.160000,0.220000,0.100000,0.100000
25400,12700,0.200000,0.040000,0.160000,0.220000,0.100000,0.100000
25500,12750,0.160000,0.040000,0.160000,0.220000,0.100000,0.100000
25600,12800,0.180000,0.060000,0.160000,0.220000,0.120000,0.120000
25700,12850,0.160000,0.040000,0.160000,0.200000,0.100000,0.100000
25800,12900,0.180000,0.060000,0.160000,0.220000,0.100000,0.100000
25900,12950,0.160000,0.040000,0.160000,0.200000,0.100000,0.100000
26000,13000,0.160000,0.040000,0.160000,0.220000,0.100000,0.100000
26100,13050,0.160000,0.040000,0.160000,0.220000,0.120000,0.100000
26200,13100,0.180000,0.040000,0.180000,0.220000,0.100000,0.080000
26300,13150,0.220000,0.060000,0.180000,0.200000,0.100000,0.100000
26400,13200,0.460000,0.060000,0.180000,0.260000,0.100000,0.100000
26500,13250,0.160000,0.060000,0.160000,0.200000,0.100000,0.100000
26600,13300,0.180000,0.060000,0.160000,0.240000,0.120000,0.120000
26700,13350,0.160000,0.040000,0.160000,0.220000,0.120000,0.100000
26800,13400,0.160000,0.040000,0.160000,0.200000,0.100000,0.080000
26900,13450,0.160000,0.040000,0.160000,0.200000,0.100000,0.100000
27000,13500,0.160000,0.040000,0.160000,0.240000,0.140000,0.120000
27100,13550,0.160000,0.060000,0.160000,0.220000,0.100000,0.100000
27200,13600,0.160000,0.040000,0.160000,0.280000,0.140000,0.120000
27300,13650,0.160000,0.040000,0.160000,0.200000,0.080000,0.080000
27400,13700,0.180000,0.060000,0.180000,0.240000,0.100000,0.080000
27500,13750,0.180000,0.060000,0.200000,0.220000,0.120000,0.100000
27600,13800,0.300000,0.060000,0.180000,0.340000,0.100000,0.080000
27700,13850,0.180000,0.060000,0.160000,0.220000,0.100000,0.100000
27800,13900,0.160000,0.060000,0.160000,1.420000,0.120000,0.100000
27900,13950,0.160000,0.040000,0.160000,0.200000,0.100000,0.100000
28000,14000,0.160000,0.040000,0.160000,0.240000,0.140000,0.140000
28100,14050,0.160000,0.060000,0.200000,0.220000,0.080000,0.080000
28200,14100,0.160000,0.040000,0.180000,0.220000,0.100000,0.100000
28300,14150,0.160000,0.040000,0.160000,0.200000,0.100000,0.100000
28400,14200,0.160000,0.040000,0.160000,0.200000,0.080000,0.100000
28500,14250,0.160000,0.040000,0.160000,0.220000,0.100000,0.100000
28600,14300,0.160000,0.040000,0.160000,0.280000,0.120000,0.120000
28700,14350,0.180000,0.040000,0.180000,0.260000,0.080000,0.080000
28800,14400,0.180000,0.060000,0.160000,0.220000,0.120000,0.120000
28900,14450,0.160000,0.060000,0.180000,0.200000,0.100000,0.100000
29000,14500,0.160000,0.040000,0.160000,0.220000,0.100000,0.100000
29100,14550,0.160000,0.040000,0.160000,0.220000,0.100000,0.120000
29200,14600,0.160000,0.060000,0.160000,0.200000,0.080000,0.080000
29300,14650,0.240000,0.060000,0.160000,0.220000,0.120000,0.120000
29400,14700,0.160000,0.040000,0.160000,0.220000,0.100000,0.100000
29500,14750,0.160000,0.040000,0.160000,0.200000,0.100000,0.100000
29600,14800,0.160000,0.040000,0.160000,0.220000,0.100000,0.100000
29700,14850,0.160000,0.040000,0.160000,0.200000,0.080000,0.080000
29800,14900,0.160000,0.060000,0.160000,0.220000,0.100000,0.100000
29900,14950,0.160000,0.060000,0.160000,0.220000,0.120000,0.100000
30000,15000,0.160000,0.040000,0.160000,0.200000,0.080000,0.080000
30100,15050,0.160000,0.040000,0.160000,0.220000,0.080000,0.080000
30200,15100,0.160000,0.040000,0.160000,0.220000,0.100000,0.100000
30300,15150,0.180000,0.060000,0.160000,0.200000,0.120000,0.120000
30400,15200,0.160000,0.060000,0.160000,0.200000,0.100000,0.100000
30500,15250,0.160000,0.040000,0.160000,0.320000,0.240000,0.240000
30600,15300,0.160000,0.060000,0.160000,0.240000,0.120000,0.120000
30700,15350,0.180000,0.060000,0.160000,0.220000,0.100000,0.100000
30800,15400,0.160000,0.060000,0.180000,0.280000,0.140000,0.120000
30900,15450,0.160000,0.040000,0.160000,0.220000,0.100000,0.100000
31000,15500,0.160000,0.060000,0.180000,0.200000,0.100000,0.100000
31100,15550,0.160000,0.040000,0.160000,0.200000,0.080000,0.080000
31200,15600,0.160000,0.040000,0.160000,0.200000,0.080000,0.080000
31300,15650,0.160000,0.040000,0.160000,0.200000,0.080000,0.100000
31400,15700,0.400000,0.040000,0.160000,0.220000,0.100000,0.100000
31500,15750,0.160000,0.040000,0.160000,0.240000,0.100000,0.100000
31600,15800,0.160000,0.060000,0.160000,0.240000,0.100000,0.100000
31700,15850,0.180000,0.060000,0.200000,0.220000,0.120000,0.100000
31800,15900,0.160000,0.040000,0.180000,0.220000,0.100000,0.100000
31900,15950,0.180000,0.060000,0.160000,0.220000,0.100000,0.100000
32000,16000,0.220000,0.060000,0.160000,0.280000,0.220000,0.220000
32100,16050,0.180000,0.040000,0.240000,0.220000,0.100000,0.100000
32200,16100,0.200000,0.040000,0.160000,0.480000,0.360000,0.340000
32300,16150,0.200000,0.040000,0.160000,0.220000,0.100000,0.100000
32400,16200,0.160000,0.040000,0.160000,0.220000,0.100000,0.100000
32500,16250,0.200000,0.060000,0.180000,0.220000,0.080000,0.080000
32600,16300,0.220000,0.060000,0.180000,0.220000,0.100000,0.100000
32700,16350,0.200000,0.040000,0.160000,0.280000,0.100000,0.100000
32800,16400,0.200000,0.060000,0.180000,0.220000,0.080000,0.100000
32900,16450,0.200000,0.060000,0.160000,0.220000,0.100000,0.100000
33000,16500,0.200000,0.060000,0.160000,0.180000,0.080000,0.080000
33100,16550,0.200000,0.060000,0.180000,1.360000,0.100000,0.080000
33200,16600,0.200000,0.040000,0.160000,0.200000,0.080000,0.080000
33300,16650,0.220000,0.040000,0.160000,0.200000,0.080000,0.080000
33400,16700,0.220000,0.040000,0.160000,0.220000,0.100000,0.100000
33500,16750,0.220000,0.040000,0.180000,0.220000,0.100000,0.100000
33600,16800,0.220000,0.040000,0.160000,0.220000,0.100000,0.100000
33700,16850,0.160000,0.040000,0.160000,0.220000,0.100000,0.100000
33800,16900,0.220000,0.060000,0.180000,0.260000,0.100000,0.100000
33900,16950,0.200000,0.060000,0.160000,0.260000,0.080000,0.080000
34000,17000,0.440000,0.040000,0.160000,0.240000,0.120000,0.100000
34100,17050,0.180000,0.040000,0.160000,0.200000,0.080000,0.080000
34200,17100,0.200000,0.060000,0.160000,0.220000,0.080000,0.080000
34300,17150,0.180000,0.060000,0.180000,0.240000,0.080000,0.080000
34400,17200,0.160000,0.040000,0.160000,0.240000,0.080000,0.080000
34500,17250,0.180000,0.060000,0.180000,0.240000,0.100000,0.100000
34600,17300,0.160000,0.040000,0.160000,0.240000,0.080000,0.080000
34700,17350,0.160000,0.040000,0.160000,0.220000,0.100000,0.120000
34800,17400,0.140000,0.040000,0.160000,0.240000,0.100000,0.100000
34900,17450,0.140000,0.040000,0.160000,0.220000,0.080000,0.080000
35000,17500,0.160000,0.040000,0.160000,1.460000,0.100000,0.080000
35100,17550,0.160000,0.040000,0.160000,0.200000,0.080000,0.080000
35200,17600,0.160000,0.040000,0.160000,0.240000,0.080000,0.080000
35300,17650,0.160000,0.040000,0.160000,0.260000,0.100000,0.100000
35400,17700,0.160000,0.060000,0.180000,0.200000,0.100000,0.100000
35500,17750,0.160000,0.040000,0.160000,0.340000,0.120000,0.120000
35600,17800,0.160000,0.040000,0.160000,0.220000,0.100000,0.100000
35700,17850,0.160000,0.060000,0.160000,0.220000,0.080000,0.100000
35800,17900,0.160000,0.040000,0.180000,0.240000,0.080000,0.080000
35900,17950,0.160000,0.060000,0.160000,0.220000,0.100000,0.100000
36000,18000,0.160000,0.040000,0.180000,0.220000,0.080000,0.100000
36100,18050,0.200000,0.060000,0.160000,0.260000,0.100000,0.100000
36200,18100,0.160000,0.060000,0.160000,0.260000,0.100000,0.080000
36300,18150,0.160000,0.040000,0.160000,0.220000,0.100000,0.100000
36400,18200,0.160000,0.040000,0.240000,0.220000,0.100000,0.100000
36500,18250,0.160000,0.040000,0.160000,0.220000,0.100000,0.100000
36600,18300,0.160000,0.040000,0.160000,0.220000,0.100000,0.100000
36700,18350,0.160000,0.060000,0.160000,0.220000,0.100000,0.100000
36800,18400,0.400000,0.060000,0.180000,0.280000,0.100000,0.100000
36900,18450,0.160000,0.040000,0.180000,1.880000,0.080000,0.080000
37000,18500,0.160000,0.040000,0.160000,0.200000,0.100000,0.100000
37100,18550,0.160000,0.040000,0.160000,0.200000,0.100000,0.100000
37200,18600,0.160000,0.040000,0.160000,0.220000,0.100000,0.100000
37300,18650,0.160000,0.060000,0.160000,0.220000,0.120000,0.120000
37400,18700,0.160000,0.040000,0.160000,0.240000,0.120000,0.120000
37500,18750,0.160000,0.060000,0.160000,0.240000,0.120000,0.120000
37600,18800,0.160000,0.040000,0.160000,1.400000,0.140000,0.120000
37700,18850,0.160000,0.040000,0.180000,0.260000,0.100000,0.100000
37800,18900,0.200000,0.040000,0.180000,0.200000,0.060000,0.080000
37900,18950,0.180000,0.060000,0.160000,0.220000,0.100000,0.100000
38000,19000,0.140000,0.040000,0.160000,0.220000,0.100000,0.100000
38100,19050,0.180000,0.040000,0.160000,0.200000,0.080000,0.080000
38200,19100,0.160000,0.040000,0.160000,0.240000,0.120000,0.120000
38300,19150,0.160000,0.040000,0.160000,0.220000,0.100000,0.100000
38400,19200,0.160000,0.040000,0.180000,0.220000,0.120000,0.120000
38500,19250,0.180000,0.040000,0.200000,0.240000,0.100000,0.100000
38600,19300,0.180000,0.040000,0.180000,0.320000,0.140000,0.140000
38700,19350,0.160000,0.040000,0.160000,0.240000,0.100000,0.100000
38800,19400,0.140000,0.040000,0.160000,0.220000,0.120000,0.120000
38900,19450,0.380000,0.040000,0.160000,0.240000,0.120000,0.120000
39000,19500,0.160000,0.040000,0.200000,0.280000,0.120000,0.120000
39100,19550,0.160000,0.040000,0.160000,0.200000,0.080000,0.080000
39200,19600,0.180000,0.040000,0.160000,0.240000,0.140000,0.120000
39300,19650,0.200000,0.040000,0.180000,0.240000,0.100000,0.100000
39400,19700,0.160000,0.040000,0.160000,0.300000,0.120000,0.120000
39500,19750,0.160000,0.040000,0.160000,0.220000,0.100000,0.100000
39600,19800,0.160000,0.040000,0.160000,0.200000,0.080000,0.080000
39700,19850,0.160000,0.040000,0.160000,0.220000,0.120000,0.120000
39800,19900,0.160000,0.040000,0.160000,0.240000,0.100000,0.100000
39900,19950,0.160000,0.040000,0.160000,0.240000,0.140000,0.140000
40000,20000,0.180000,0.040000,0.160000,0.300000,0.100000,0.080000
40100,20050,0.180000,0.040000,0.180000,0.220000,0.100000,0.100000
40200,20100,0.160000,0.060000,0.160000,0.220000,0.080000,0.080000
40300,20150,0.140000,0.040000,0.160000,0.920000,0.200000,0.140000
40400,20200,0.160000,0.040000,0.160000,0.240000,0.100000,0.100000
40500,20250,0.160000,0.040000,0.160000,0.220000,0.120000,0.120000
40600,20300,0.160000,0.040000,0.160000,1.420000,0.120000,0.100000
40700,20350,0.180000,0.040000,0.160000,0.220000,0.100000,0.080000
40800,20400,0.180000,0.040000,0.160000,0.200000,0.080000,0.080000
40900,20450,0.160000,0.060000,0.180000,0.260000,0.120000,0.120000
41000,20500,0.140000,0.040000,0.160000,0.240000,0.120000,0.120000
41100,20550,0.160000,0.040000,0.160000,0.240000,0.100000,0.100000
41200,20600,0.160000,0.060000,0.180000,0.280000,0.120000,0.120000
41300,20650,0.160000,0.040000,0.160000,0.240000,0.100000,0.100000
41400,20700,0.160000,0.060000,0.180000,0.220000,0.100000,0.100000
41500,20750,0.180000,0.040000,0.180000,0.260000,0.100000,0.100000
41600,20800,0.180000,0.060000,0.180000,0.220000,0.080000,0.080000
41700,20850,0.160000,0.040000,0.160000,0.200000,0.080000,0.080000
41800,20900,0.160000,0.060000,0.180000,0.220000,0.100000,0.100000
41900,20950,0.160000,0.040000,0.180000,0.200000,0.080000,0.080000
42000,21000,0.180000,0.040000,0.180000,0.220000,0.120000,0.120000
42100,21050,0.160000,0.040000,0.160000,0.220000,0.080000,0.080000
42200,21100,0.160000,0.040000,0.160000,0.240000,0.100000,0.100000
42300,21150,0.180000,0.040000,0.180000,0.220000,0.080000,0.080000
42400,21200,0.160000,0.040000,0.160000,0.240000,0.100000,0.080000
42500,21250,0.140000,0.040000,0.160000,0.220000,0.080000,0.080000
42600,21300,0.160000,0.040000,0.160000,0.220000,0.120000,0.120000
42700,21350,0.140000,0.040000,0.180000,0.240000,0.100000,0.100000
42800,21400,0.180000,0.060000,0.180000,0.240000,0.100000,0.100000
42900,21450,0.160000,0.040000,0.160000,0.240000,0.100000,0.100000
43000,21500,0.160000,0.040000,0.180000,0.260000,0.080000,0.080000
43100,21550,0.140000,0.060000,0.160000,0.200000,0.100000,0.100000
43200,21600,0.140000,0.040000,0.160000,0.240000,0.100000,0.100000
43300,21650,0.180000,0.060000,0.200000,0.240000,0.120000,0.100000
43400,21700,0.160000,0.040000,0.180000,0.200000,0.080000,0.080000
43500,21750,0.160000,0.040000,0.160000,0.220000,0.100000,0.100000
43600,21800,0.160000,0.060000,0.180000,0.260000,0.120000,0.120000
43700,21850,0.180000,0.040000,0.160000,0.460000,0.400000,0.400000
43800,21900,0.160000,0.060000,0.160000,0.220000,0.080000,0.080000
43900,21950,0.140000,0.040000,0.160000,0.260000,0.120000,0.120000
44000,22000,0.160000,0.040000,0.160000,0.220000,0.100000,0.100000
44100,22050,0.160000,0.040000,0.160000,0.260000,0.120000,0.120000
44200,22100,0.160000,0.040000,0.160000,0.220000,0.100000,0.100000
44300,22150,0.160000,0.040000,0.180000,0.260000,0.140000,0.140000
44400,22200,0.200000,0.060000,0.200000,0.240000,0.100000,0.100000
44500,22250,0.160000,0.060000,0.180000,0.260000,0.120000,0.100000
44600,22300,0.180000,0.060000,0.160000,0.200000,0.080000,0.080000
44700,22350,0.160000,0.040000,0.160000,0.240000,0.120000,0.120000
44800,22400,0.140000,0.040000,0.160000,0.240000,0.120000,0.120000
44900,22450,0.140000,0.040000,0.180000,0.240000,0.100000,0.100000
45000,22500,0.160000,0.040000,0.160000,0.320000,0.160000,0.160000
45100,22550,0.200000,0.060000,0.180000,0.280000,0.140000,0.140000
45200,22600,0.180000,0.040000,0.160000,0.260000,0.100000,0.100000
45300,22650,0.180000,0.060000,0.160000,0.200000,0.080000,0.100000
45400,22700,0.160000,0.040000,0.180000,0.220000,0.120000,0.120000
45500,22750,0.160000,0.040000,0.160000,0.240000,0.140000,0.140000
45600,22800,0.160000,0.060000,0.180000,1.520000,0.100000,0.100000
45700,22850,0.240000,0.060000,0.180000,0.260000,0.140000,0.140000
45800,22900,0.160000,0.040000,0.180000,0.280000,0.100000,0.100000
45900,22950,0.140000,0.040000,0.160000,0.240000,0.080000,0.080000
46000,23000,0.160000,0.040000,0.160000,0.220000,0.100000,0.120000
46100,23050,0.160000,0.040000,0.160000,0.220000,0.100000,0.080000
46200,23100,0.140000,0.060000,0.160000,0.220000,0.080000,0.080000
46300,23150,0.220000,0.040000,0.180000,0.260000,0.100000,0.100000
46400,23200,0.180000,0.040000,0.180000,0.240000,0.100000,0.100000
46500,23250,0.180000,0.060000,0.160000,0.220000,0.100000,0.100000
46600,23300,0.380000,0.060000,0.160000,0.220000,0.080000,0.080000
46700,23350,0.160000,0.040000,0.160000,0.220000,0.100000,0.100000
46800,23400,0.160000,0.040000,0.160000,0.280000,0.140000,0.140000
46900,23450,0.160000,0.040000,0.160000,0.220000,0.100000,0.100000
47000,23500,0.180000,0.060000,0.180000,0.280000,0.100000,0.100000
47100,23550,0.180000,0.040000,0.180000,0.220000,0.080000,0.080000
47200,23600,0.160000,0.060000,0.160000,0.220000,0.120000,0.120000
47300,23650,0.160000,0.040000,0.160000,0.260000,0.140000,0.120000
47400,23700,0.160000,0.040000,0.160000,0.240000,0.120000,0.120000
47500,23750,0.160000,0.080000,0.180000,0.220000,0.140000,0.140000
47600,23800,0.160000,0.040000,0.160000,0.260000,0.080000,0.080000
47700,23850,0.440000,0.040000,0.180000,0.220000,0.080000,0.080000
47800,23900,0.160000,0.040000,0.160000,0.280000,0.120000,0.120000
47900,23950,0.160000,0.040000,0.160000,0.220000,0.080000,0.080000
48000,24000,0.180000,0.040000,0.160000,0.260000,0.120000,0.120000
48100,24050,0.160000,0.060000,0.160000,0.220000,0.080000,0.080000
48200,24100,0.220000,0.040000,0.200000,0.260000,0.100000,0.100000
48300,24150,0.140000,0.040000,0.180000,0.240000,0.100000,0.100000
48400,24200,0.140000,0.040000,0.160000,0.240000,0.080000,0.080000
48500,24250,0.160000,0.040000,0.160000,0.220000,0.080000,0.080000
48600,24300,0.160000,0.040000,0.160000,0.200000,0.080000,0.080000
48700,24350,0.140000,0.040000,0.160000,0.240000,0.100000,0.100000
48800,24400,0.160000,0.060000,0.180000,0.220000,0.080000,0.080000
48900,24450,0.160000,0.060000,0.180000,0.260000,0.080000,0.100000
49000,24500,0.180000,0.060000,0.160000,0.240000,0.100000,0.100000
49100,24550,0.160000,0.060000,0.180000,0.180000,0.060000,0.060000
49200,24600,0.420000,0.060000,0.180000,0.220000,0.080000,0.080000
49300,24650,0.140000,0.040000,0.160000,0.220000,0.120000,0.100000
49400,24700,0.140000,0.040000,0.180000,0.220000,0.100000,0.100000
49500,24750,0.180000,0.060000,0.200000,0.280000,0.080000,0.080000
49600,24800,0.180000,0.040000,0.160000,0.200000,0.080000,0.080000
49700,24850,0.140000,0.060000,0.180000,0.280000,0.160000,0.140000
49800,24900,0.200000,0.040000,0.180000,0.200000,0.080000,0.080000
49900,24950,0.180000,0.040000,0.160000,0.220000,0.080000,0.100000
50000,25000,0.200000,0.040000,0.180000,0.280000,0.100000,0.100000
50100,25050,0.180000,0.040000,0.180000,0.280000,0.100000,0.100000
50200,25100,0.220000,0.040000,0.200000,0.240000,0.080000,0.080000
50300,25150,0.180000,0.040000,0.180000,0.200000,0.060000,0.060000
50400,25200,0.200000,0.040000,0.180000,0.280000,0.100000,0.100000
50500,25250,0.200000,0.040000,0.160000,0.200000,0.080000,0.080000
50600,25300,0.200000,0.040000,0.180000,0.240000,0.120000,0.120000
50700,25350,0.200000,0.040000,0.180000,0.260000,0.080000,0.080000
50800,25400,0.180000,0.060000,0.180000,0.220000,0.060000,0.060000
50900,25450,0.160000,0.040000,0.160000,0.280000,0.160000,0.140000
51000,25500,0.180000,0.040000,0.180000,1.560000,0.080000,0.080000
51100,25550,0.200000,0.040000,0.160000,0.280000,0.080000,0.080000
51200,25600,0.140000,0.040000,0.160000,1.360000,0.100000,0.080000
51300,25650,0.160000,0.040000,0.180000,0.280000,0.080000,0.080000
51400,25700,0.160000,0.060000,0.180000,0.240000,0.080000,0.080000
51500,25750,0.160000,0.040000,0.180000,0.220000,0.080000,0.080000
51600,25800,0.160000,0.060000,0.180000,0.240000,0.100000,0.100000
51700,25850,0.140000,0.040000,0.160000,0.240000,0.060000,0.060000
51800,25900,0.160000,0.040000,0.160000,0.200000,0.080000,0.080000
51900,25950,0.160000,0.040000,0.180000,0.240000,0.080000,0.080000
52000,26000,0.180000,0.060000,0.180000,0.200000,0.080000,0.080000
52100,26050,0.160000,0.060000,0.180000,0.220000,0.100000,0.100000
52200,26100,0.160000,0.060000,0.180000,0.220000,0.100000,0.100000
52300,26150,0.160000,0.060000,0.180000,0.240000,0.080000,0.080000
52400,26200,0.160000,0.040000,0.180000,0.280000,0.120000,0.120000
52500,26250,0.160000,0.040000,0.180000,0.240000,0.080000,0.080000
52600,26300,0.140000,0.040000,0.180000,0.200000,0.060000,0.060000
52700,26350,0.140000,0.040000,0.180000,0.220000,0.080000,0.080000
52800,26400,0.160000,0.040000,0.160000,0.220000,0.100000,0.100000
52900,26450,0.160000,0.060000,0.180000,0.240000,0.080000,0.080000
53000,26500,0.200000,0.060000,0.200000,0.220000,0.080000,0.080000
53100,26550,0.140000,0.040000,0.180000,0.260000,0.100000,0.080000
53200,26600,0.160000,0.060000,0.160000,0.240000,0.100000,0.100000
53300,26650,0.160000,0.040000,0.160000,0.240000,0.100000,0.100000
53400,26700,0.160000,0.040000,0.160000,0.200000,0.080000,0.080000
53500,26750,0.140000,0.040000,0.160000,0.220000,0.120000,0.100000
53600,26800,0.180000,0.040000,0.160000,0.240000,0.120000,0.120000
53700,26850,0.180000,0.060000,0.180000,0.240000,0.080000,0.080000
53800,26900,0.160000,0.060000,0.180000,1.500000,0.100000,0.100000
53900,26950,0.160000,0.060000,0.160000,0.240000,0.080000,0.100000
54000,27000,0.160000,0.040000,0.180000,0.220000,0.100000,0.080000
54100,27050,0.160000,0.060000,0.160000,0.220000,0.080000,0.080000
54200,27100,0.220000,0.040000,0.200000,0.260000,0.120000,0.120000
54300,27150,0.160000,0.040000,0.180000,0.220000,0.100000,0.120000
54400,27200,0.180000,0.040000,0.180000,0.220000,0.080000,0.100000
54500,27250,0.160000,0.040000,0.160000,0.220000,0.080000,0.080000
54600,27300,0.140000,0.040000,0.160000,0.240000,0.080000,0.080000
54700,27350,0.160000,0.040000,0.180000,0.260000,0.080000,0.080000
54800,27400,0.140000,0.040000,0.180000,0.260000,0.080000,0.080000
54900,27450,0.140000,0.040000,0.160000,1.500000,0.100000,0.080000
55000,27500,0.400000,0.060000,0.200000,0.220000,0.080000,0.080000
55100,27550,0.160000,0.060000,0.180000,0.220000,0.100000,0.100000
55200,27600,0.160000,0.040000,0.160000,0.220000,0.080000,0.080000
55300,27650,0.160000,0.040000,0.180000,0.300000,0.140000,0.140000
55400,27700,0.200000,0.040000,0.180000,0.220000,0.100000,0.080000
55500,27750,0.160000,0.040000,0.160000,0.260000,0.120000,0.120000
55600,27800,0.160000,0.040000,0.160000,0.260000,0.100000,0.100000
55700,27850,0.160000,0.040000,0.160000,0.240000,0.120000,0.120000
55800,27900,0.180000,0.040000,0.180000,0.260000,0.100000,0.080000
55900,27950,0.200000,0.060000,0.200000,0.260000,0.100000,0.080000
56000,28000,0.200000,0.040000,0.180000,0.220000,0.100000,0.100000
56100,28050,0.180000,0.040000,0.180000,0.220000,0.080000,0.080000
56200,28100,0.160000,0.040000,0.160000,0.220000,0.080000,0.080000
56300,28150,0.140000,0.040000,0.160000,0.240000,0.100000,0.100000
56400,28200,0.140000,0.040000,0.180000,0.260000,0.100000,0.080000
56500,28250,0.160000,0.040000,0.160000,0.220000,0.100000,0.100000
56600,28300,0.160000,0.040000,0.180000,0.240000,0.100000,0.100000
56700,28350,0.160000,0.040000,0.160000,0.220000,0.080000,0.080000
56800,28400,0.120000,0.040000,0.180000,0.240000,0.060000,0.060000
56900,28450,0.180000,0.040000,0.180000,0.300000,0.120000,0.140000
57000,28500,0.160000,0.060000,0.180000,0.260000,0.100000,0.100000
57100,28550,0.160000,0.040000,0.160000,0.200000,0.080000,0.080000
57200,28600,0.160000,0.040000,0.160000,0.220000,0.100000,0.100000
57300,28650,0.140000,0.040000,0.160000,0.220000,0.080000,0.080000
57400,28700,0.180000,0.040000,0.180000,0.220000,0.080000,0.080000
57500,28750,0.180000,0.040000,0.180000,0.260000,0.080000,0.080000
57600,28800,0.160000,0.040000,0.180000,0.260000,0.140000,0.140000
57700,28850,0.140000,0.040000,0.160000,1.380000,0.100000,0.100000
57800,28900,0.140000,0.040000,0.160000,0.520000,0.140000,0.100000
57900,28950,0.180000,0.040000,0.180000,0.260000,0.080000,0.080000
58000,29000,0.160000,0.040000,0.180000,0.200000,0.060000,0.060000
58100,29050,0.380000,0.060000,0.180000,0.240000,0.080000,0.100000
58200,29100,0.180000,0.040000,0.180000,0.280000,0.080000,0.080000
58300,29150,0.300000,0.040000,0.220000,0.580000,0.160000,0.120000
58400,29200,0.220000,0.040000,0.180000,0.320000,0.120000,0.120000
58500,29250,0.200000,0.040000,0.200000,0.460000,0.300000,0.180000
58600,29300,0.180000,0.060000,0.180000,0.480000,0.140000,0.120000
58700,29350,0.160000,0.040000,0.180000,0.300000,0.120000,0.100000
58800,29400,0.260000,0.060000,0.220000,0.240000,0.080000,0.080000
58900,29450,0.160000,0.040000,0.180000,0.260000,0.100000,0.100000
59000,29500,0.360000,0.080000,0.420000,0.620000,0.180000,0.160000
59100,29550,0.180000,0.060000,0.180000,0.360000,0.120000,0.120000
59200,29600,0.180000,0.040000,0.180000,0.580000,0.100000,0.080000
59300,29650,0.180000,0.040000,0.180000,0.340000,0.140000,0.140000
59400,29700,0.140000,0.040000,0.180000,0.260000,0.100000,0.100000
59500,29750,0.200000,0.060000,0.200000,0.300000,0.080000,0.080000
59600,29800,0.240000,0.060000,0.180000,0.260000,0.100000,0.100000
59700,29850,0.220000,0.060000,0.180000,0.280000,0.100000,0.100000
59800,29900,0.160000,0.040000,0.180000,0.240000,0.080000,0.080000
59900,29950,0.260000,0.040000,0.200000,0.360000,0.100000,0.100000
60000,30000,0.520000,0.120000,0.440000,0.900000,0.200000,0.120000
60100,30050,1.020000,0.200000,0.360000,0.960000,0.180000,0.160000
60200,30100,0.200000,0.040000,0.200000,0.540000,0.160000,0.140000
60300,30150,0.180000,0.040000,0.180000,0.280000,0.080000,0.080000
60400,30200,0.160000,0.040000,0.180000,0.280000,0.100000,0.080000
60500,30250,0.140000,0.040000,0.180000,0.240000,0.100000,0.100000
60600,30300,0.440000,0.060000,0.180000,1.540000,0.120000,0.120000
60700,30350,0.240000,0.060000,0.300000,0.340000,0.120000,0.100000
60800,30400,0.180000,0.040000,0.180000,0.300000,0.120000,0.120000
60900,30450,0.180000,0.040000,0.180000,0.620000,0.200000,0.200000
61000,30500,0.140000,0.060000,0.200000,0.480000,0.080000,0.080000
61100,30550,0.160000,0.040000,0.160000,0.480000,0.160000,0.120000
61200,30600,0.160000,0.040000,0.160000,0.200000,0.060000,0.080000
61300,30650,0.160000,0.040000,0.180000,0.260000,0.140000,0.140000
61400,30700,0.400000,0.060000,0.160000,0.260000,0.100000,0.100000
61500,30750,0.160000,0.040000,0.180000,0.260000,0.100000,0.100000
61600,30800,0.140000,0.040000,0.180000,0.260000,0.100000,0.100000
61700,30850,0.160000,0.040000,0.160000,0.460000,0.280000,0.300000
61800,30900,0.160000,0.040000,0.180000,0.240000,0.100000,0.100000
61900,30950,0.180000,0.040000,0.160000,0.220000,0.100000,0.100000
62000,31000,0.140000,0.040000,0.160000,0.280000,0.100000,0.100000
62100,31050,0.160000,0.040000,0.180000,0.260000,0.120000,0.100000
62200,31100,0.140000,0.040000,0.180000,0.260000,0.080000,0.100000
62300,31150,0.160000,0.040000,0.160000,0.320000,0.080000,0.080000
62400,31200,0.180000,0.060000,0.180000,0.260000,0.120000,0.120000
62500,31250,0.160000,0.040000,0.160000,0.220000,0.080000,0.080000
62600,31300,0.400000,0.060000,0.180000,0.260000,0.120000,0.120000
62700,31350,0.160000,0.060000,0.180000,0.260000,0.140000,0.140000
62800,31400,0.140000,0.040000,0.160000,0.240000,0.100000,0.100000
62900,31450,0.160000,0.060000,0.160000,0.200000,0.080000,0.080000
63000,31500,0.140000,0.040000,0.180000,0.220000,0.100000,0.100000
63100,31550,0.140000,0.040000,0.160000,0.240000,0.120000,0.120000
63200,31600,0.120000,0.040000,0.160000,0.240000,0.080000,0.080000
63300,31650,0.140000,0.040000,0.160000,0.240000,0.120000,0.120000
63400,31700,0.140000,0.040000,0.160000,0.240000,0.100000,0.100000
63500,31750,0.160000,0.040000,0.160000,0.260000,0.140000,0.120000
63600,31800,0.160000,0.040000,0.160000,0.220000,0.120000,0.120000
63700,31850,0.140000,0.040000,0.160000,0.260000,0.120000,0.120000
63800,31900,0.140000,0.040000,0.180000,0.260000,0.100000,0.100000
63900,31950,0.140000,0.040000,0.180000,0.240000,0.080000,0.080000
64000,32000,0.140000,0.040000,0.160000,0.240000,0.100000,0.100000
64100,32050,0.140000,0.040000,0.160000,1.500000,0.100000,0.100000
64200,32100,0.140000,0.040000,0.180000,0.220000,0.080000,0.080000
64300,32150,0.140000,0.060000,0.160000,0.240000,0.080000,0.080000
64400,32200,0.180000,0.060000,0.180000,0.240000,0.100000,0.100000
64500,32250,0.160000,0.060000,0.200000,0.260000,0.100000,0.100000
64600,32300,0.260000,0.040000,0.200000,0.280000,0.100000,0.100000
64700,32350,0.180000,0.060000,0.180000,0.260000,0.120000,0.120000
64800,32400,0.160000,0.040000,0.160000,0.240000,0.080000,0.080000
64900,32450,0.160000,0.040000,0.160000,0.320000,0.180000,0.160000
65000,32500,0.160000,0.040000,0.180000,0.260000,0.100000,0.100000
65100,32550,0.160000,0.040000,0.160000,0.280000,0.140000,0.120000
65200,32600,0.140000,0.040000,0.180000,0.280000,0.100000,0.100000
65300,32650,0.160000,0.060000,0.180000,0.260000,0.120000,0.100000
65400,32700,0.140000,0.040000,0.180000,0.220000,0.080000,0.080000
65500,32750,0.160000,0.040000,0.180000,0.320000,0.140000,0.140000
65600,32800,0.160000,0.040000,0.160000,0.260000,0.120000,0.140000
65700,32850,0.140000,0.040000,0.180000,0.240000,0.100000,0.100000
65800,32900,0.160000,0.040000,0.160000,0.220000,0.080000,0.080000
65900,32950,0.160000,0.040000,0.180000,0.260000,0.100000,0.100000
66000,33000,0.160000,0.040000,0.180000,0.240000,0.100000,0.100000
66100,33050,0.140000,0.040000,0.180000,0.280000,0.120000,0.100000
66200,33100,0.160000,0.040000,0.180000,0.280000,0.100000,0.100000
66300,33150,0.140000,0.040000,0.160000,0.260000,0.100000,0.100000
66400,33200,0.180000,0.040000,0.160000,0.260000,0.100000,0.100000
66500,33250,0.180000,0.040000,0.180000,0.240000,0.100000,0.100000
66600,33300,0.160000,0.040000,0.180000,0.240000,0.100000,0.100000
66700,33350,0.160000,0.060000,0.180000,0.280000,0.140000,0.140000
66800,33400,0.160000,0.040000,0.160000,0.260000,0.140000,0.140000
66900,33450,0.160000,0.060000,0.180000,0.260000,0.120000,0.120000
67000,33500,0.140000,0.040000,0.180000,0.300000,0.120000,0.120000
67100,33550,0.160000,0.040000,0.180000,0.240000,0.080000,0.080000
67200,33600,0.160000,0.040000,0.160000,0.300000,0.120000,0.120000
67300,33650,0.140000,0.040000,0.160000,0.220000,0.060000,0.060000
67400,33700,0.140000,0.060000,0.180000,0.260000,0.080000,0.080000
67500,33750,0.140000,0.040000,0.180000,0.280000,0.140000,0.140000
67600,33800,0.160000,0.060000,0.180000,0.280000,0.180000,0.140000
67700,33850,0.160000,0.040000,0.160000,0.280000,0.180000,0.160000
67800,33900,0.140000,0.040000,0.160000,0.240000,0.120000,0.120000
67900,33950,0.160000,0.040000,0.160000,0.300000,0.120000,0.120000
68000,34000,0.160000,0.040000,0.180000,0.260000,0.120000,0.120000
68100,34050,0.140000,0.040000,0.180000,0.240000,0.100000,0.080000
68200,34100,0.160000,0.060000,0.180000,0.260000,0.140000,0.140000
68300,34150,0.140000,0.040000,0.160000,0.260000,0.120000,0.120000
68400,34200,0.120000,0.040000,0.180000,0.320000,0.160000,0.140000
68500,34250,0.140000,0.040000,0.180000,0.280000,0.120000,0.120000
68600,34300,0.140000,0.040000,0.160000,0.220000,0.120000,0.100000
68700,34350,0.160000,0.040000,0.160000,0.400000,0.140000,0.140000
68800,34400,0.160000,0.040000,0.160000,0.300000,0.180000,0.180000
68900,34450,0.160000,0.040000,0.180000,0.260000,0.100000,0.100000
69000,34500,0.140000,0.040000,0.180000,0.280000,0.140000,0.120000
69100,34550,0.180000,0.040000,0.160000,0.260000,0.120000,0.120000
69200,34600,0.380000,0.040000,0.160000,0.320000,0.200000,0.220000
69300,34650,0.160000,0.060000,0.200000,1.500000,0.100000,0.100000
69400,34700,0.140000,0.040000,0.180000,0.240000,0.100000,0.100000
69500,34750,0.140000,0.040000,0.160000,0.320000,0.200000,0.200000
69600,34800,0.140000,0.040000,0.180000,0.260000,0.100000,0.100000
69700,34850,0.120000,0.040000,0.180000,0.280000,0.080000,0.080000
69800,34900,0.140000,0.040000,0.180000,0.260000,0.140000,0.140000
69900,34950,0.160000,0.060000,0.180000,0.300000,0.180000,0.180000
70000,35000,0.160000,0.040000,0.180000,1.520000,0.100000,0.100000
70100,35050,0.160000,0.040000,0.160000,0.240000,0.120000,0.120000
70200,35100,0.140000,0.040000,0.160000,0.460000,0.120000,0.100000
70300,35150,0.180000,0.040000,0.160000,0.220000,0.080000,0.080000
70400,35200,0.200000,0.040000,0.180000,0.320000,0.140000,0.140000
70500,35250,0.140000,0.040000,0.160000,0.260000,0.080000,0.080000
70600,35300,0.140000,0.040000,0.180000,0.280000,0.140000,0.120000
70700,35350,0.160000,0.040000,0.160000,0.200000,0.080000,0.080000
70800,35400,0.160000,0.040000,0.160000,0.280000,0.160000,0.160000
70900,35450,0.140000,0.040000,0.160000,0.240000,0.080000,0.080000
71000,35500,0.140000,0.040000,0.160000,0.280000,0.180000,0.160000
71100,35550,0.160000,0.040000,0.180000,0.260000,0.160000,0.160000
71200,35600,0.160000,0.120000,0.240000,0.300000,0.160000,0.160000
71300,35650,0.160000,0.040000,0.160000,0.240000,0.100000,0.100000
71400,35700,0.140000,0.040000,0.160000,0.280000,0.120000,0.120000
71500,35750,0.160000,0.040000,0.180000,0.400000,0.120000,0.120000
71600,35800,0.160000,0.040000,0.200000,0.260000,0.080000,0.080000
71700,35850,0.160000,0.040000,0.160000,0.240000,0.100000,0.100000
71800,35900,0.200000,0.040000,0.180000,0.320000,0.140000,0.140000
71900,35950,0.180000,0.040000,0.160000,0.280000,0.160000,0.140000
72000,36000,0.160000,0.060000,0.180000,0.260000,0.140000,0.140000
72100,36050,0.160000,0.040000,0.180000,0.260000,0.160000,0.160000
72200,36100,0.180000,0.060000,0.180000,0.320000,0.220000,0.200000
72300,36150,0.140000,0.040000,0.180000,0.260000,0.100000,0.100000
72400,36200,0.140000,0.040000,0.180000,0.280000,0.160000,0.160000
72500,36250,0.140000,0.040000,0.180000,0.340000,0.260000,0.260000
72600,36300,0.140000,0.040000,0.180000,0.240000,0.100000,0.100000
72700,36350,0.140000,0.040000,0.180000,0.260000,0.100000,0.100000
72800,36400,0.140000,0.060000,0.200000,2.000000,0.280000,0.240000
72900,36450,0.160000,0.040000,0.180000,0.300000,0.120000,0.120000
73000,36500,0.200000,0.040000,0.200000,0.400000,0.160000,0.160000
73100,36550,0.200000,0.040000,0.180000,0.260000,0.120000,0.120000
73200,36600,0.160000,0.040000,0.180000,0.240000,0.080000,0.080000
73300,36650,0.140000,0.040000,0.180000,0.280000,0.120000,0.120000
73400,36700,0.160000,0.040000,0.160000,0.240000,0.120000,0.120000
73500,36750,0.140000,0.040000,0.180000,0.280000,0.120000,0.120000
73600,36800,0.140000,0.040000,0.180000,0.320000,0.160000,0.160000
73700,36850,0.160000,0.060000,0.180000,0.240000,0.100000,0.100000
73800,36900,0.160000,0.040000,0.180000,0.260000,0.100000,0.100000
73900,36950,0.140000,0.040000,0.180000,0.560000,0.160000,0.180000
74000,37000,0.200000,0.040000,0.180000,0.360000,0.160000,0.160000
74100,37050,0.200000,0.040000,0.180000,0.280000,0.100000,0.100000
74200,37100,0.160000,0.040000,0.160000,0.280000,0.160000,0.160000
74300,37150,0.200000,0.060000,0.180000,0.400000,0.220000,0.200000
74400,37200,0.120000,0.040000,0.180000,1.420000,0.160000,0.140000
74500,37250,0.300000,0.080000,0.260000,0.300000,0.080000,0.080000
74600,37300,0.180000,0.040000,0.200000,0.360000,0.100000,0.100000
74700,37350,0.160000,0.040000,0.180000,0.300000,0.140000,0.140000
74800,37400,0.180000,0.040000,0.180000,0.440000,0.160000,0.160000
74900,37450,0.180000,0.040000,0.180000,0.320000,0.140000,0.140000
75000,37500,0.180000,0.040000,0.180000,0.300000,0.120000,0.120000
75100,37550,0.180000,0.040000,0.180000,0.280000,0.140000,0.140000
75200,37600,0.180000,0.040000,0.180000,0.320000,0.160000,0.140000
75300,37650,0.180000,0.040000,0.160000,0.300000,0.120000,0.120000
75400,37700,0.180000,0.040000,0.180000,0.260000,0.120000,0.120000
75500,37750,0.180000,0.040000,0.180000,0.340000,0.140000,0.220000
75600,37800,0.260000,0.040000,0.180000,0.300000,0.140000,0.120000
75700,37850,0.160000,0.040000,0.180000,0.360000,0.200000,0.200000
75800,37900,0.180000,0.040000,0.160000,0.280000,0.100000,0.100000
75900,37950,0.180000,0.040000,0.180000,0.260000,0.120000,0.100000
76000,38000,0.220000,0.060000,0.200000,0.260000,0.100000,0.100000
76100,38050,0.180000,0.040000,0.160000,0.360000,0.140000,0.140000
76200,38100,0.200000,0.040000,0.180000,0.300000,0.100000,0.100000
76300,38150,0.160000,0.040000,0.200000,0.300000,0.100000,0.100000
76400,38200,0.180000,0.040000,0.180000,0.320000,0.100000,0.100000
76500,38250,0.220000,0.040000,0.180000,0.340000,0.200000,0.200000
76600,38300,0.180000,0.040000,0.180000,0.420000,0.240000,0.220000
76700,38350,0.140000,0.040000,0.160000,0.320000,0.140000,0.140000
76800,38400,0.180000,0.040000,0.180000,0.280000,0.140000,0.120000
76900,38450,0.200000,0.040000,0.180000,0.320000,0.140000,0.140000
77000,38500,0.180000,0.040000,0.160000,0.340000,0.180000,0.160000
77100,38550,0.200000,0.060000,0.180000,0.340000,0.120000,0.120000
77200,38600,0.180000,0.040000,0.180000,1.640000,0.180000,0.160000
77300,38650,0.180000,0.040000,0.180000,0.240000,0.080000,0.080000
77400,38700,0.200000,0.060000,0.180000,0.260000,0.120000,0.120000
77500,38750,0.220000,0.040000,0.200000,0.540000,0.360000,0.340000
77600,38800,0.160000,0.040000,0.180000,0.260000,0.120000,0.100000
77700,38850,0.140000,0.040000,0.180000,0.400000,0.180000,0.160000
77800,38900,0.140000,0.040000,0.180000,0.260000,0.120000,0.120000
77900,38950,0.160000,0.040000,0.180000,0.280000,0.160000,0.140000
78000,39000,0.140000,0.040000,0.160000,0.580000,0.220000,0.200000
78100,39050,0.160000,0.040000,0.200000,0.320000,0.140000,0.140000
78200,39100,0.220000,0.040000,0.180000,0.300000,0.180000,0.180000
78300,39150,0.280000,0.040000,0.260000,0.360000,0.140000,0.120000
78400,39200,0.160000,0.060000,0.180000,0.260000,0.120000,0.100000
78500,39250,0.160000,0.060000,0.180000,0.300000,0.100000,0.100000
78600,39300,0.160000,0.040000,0.180000,0.320000,0.140000,0.140000
78700,39350,0.160000,0.040000,0.180000,0.300000,0.160000,0.160000
78800,39400,0.140000,0.040000,0.180000,0.380000,0.180000,0.160000
78900,39450,0.140000,0.040000,0.180000,0.340000,0.260000,0.200000
79000,39500,0.160000,0.060000,0.180000,0.400000,0.200000,0.200000
79100,39550,0.140000,0.040000,0.180000,0.260000,0.080000,0.080000
79200,39600,0.140000,0.120000,0.180000,0.500000,0.200000,0.200000
79300,39650,0.160000,0.040000,0.180000,0.380000,0.260000,0.240000
79400,39700,0.160000,0.040000,0.180000,0.300000,0.140000,0.140000
79500,39750,0.180000,0.040000,0.180000,0.320000,0.180000,0.160000
79600,39800,0.160000,0.040000,0.180000,0.320000,0.120000,0.100000
79700,39850,0.180000,0.040000,0.200000,0.280000,0.060000,0.060000
79800,39900,0.180000,0.040000,0.180000,0.320000,0.140000,0.140000
79900,39950,0.180000,0.040000,0.180000,0.320000,0.160000,0.160000
80000,40000,0.160000,0.040000,0.160000,0.280000,0.100000,0.100000
80100,40050,0.180000,0.040000,0.180000,0.320000,0.180000,0.180000
80200,40100,0.160000,0.040000,0.180000,6.540000,0.140000,0.120000
80300,40150,0.140000,0.040000,0.180000,0.280000,0.120000,0.140000
80400,40200,0.160000,0.040000,0.200000,0.360000,0.260000,0.260000
80500,40250,0.140000,0.040000,0.180000,0.320000,0.140000,0.140000
80600,40300,0.140000,0.040000,0.160000,0.400000,0.260000,0.240000
80700,40350,0.140000,0.040000,0.180000,0.400000,0.260000,0.240000
80800,40400,0.120000,0.040000,0.180000,0.420000,0.280000,0.260000
80900,40450,0.140000,0.040000,0.180000,0.320000,0.160000,0.160000
81000,40500,0.140000,0.040000,0.160000,0.340000,0.200000,0.200000
81100,40550,0.120000,0.040000,0.180000,0.400000,0.280000,0.280000
81200,40600,0.140000,0.040000,0.180000,0.320000,0.140000,0.140000
81300,40650,0.160000,0.040000,0.160000,0.280000,0.140000,0.140000
81400,40700,0.140000,0.040000,0.160000,1.580000,0.160000,0.140000
81500,40750,0.180000,0.040000,0.180000,0.380000,0.180000,0.160000
81600,40800,0.180000,0.040000,0.180000,0.240000,0.080000,0.080000
81700,40850,0.160000,0.040000,0.200000,0.340000,0.160000,0.160000
81800,40900,0.160000,0.040000,0.180000,0.420000,0.320000,0.300000
81900,40950,0.140000,0.040000,0.180000,0.300000,0.160000,0.160000
82000,41000,0.140000,0.040000,0.180000,0.320000,0.120000,0.120000
82100,41050,0.200000,0.060000,0.180000,0.420000,0.160000,0.160000
82200,41100,0.160000,0.040000,0.180000,0.540000,0.360000,0.340000
82300,41150,0.140000,0.040000,0.200000,0.340000,0.160000,0.140000
82400,41200,0.140000,0.040000,0.160000,0.380000,0.120000,0.120000
82500,41250,0.140000,0.040000,0.180000,0.320000,0.100000,0.100000
82600,41300,0.140000,0.040000,0.160000,0.280000,0.160000,0.140000
82700,41350,0.160000,0.040000,0.160000,0.300000,0.140000,0.120000
82800,41400,0.160000,0.060000,0.180000,0.580000,0.340000,0.320000
82900,41450,0.200000,0.040000,0.180000,0.400000,0.320000,0.300000
83000,41500,0.140000,0.040000,0.180000,0.280000,0.120000,0.120000
83100,41550,0.160000,0.040000,0.160000,0.260000,0.140000,0.120000
83200,41600,0.140000,0.040000,0.180000,0.340000,0.100000,0.100000
83300,41650,0.140000,0.040000,0.180000,0.440000,0.200000,0.180000
83400,41700,0.140000,0.040000,0.180000,0.360000,0.140000,0.140000
83500,41750,0.140000,0.040000,0.180000,0.340000,0.200000,0.200000
83600,41800,0.140000,0.040000,0.180000,0.360000,0.080000,0.080000
83700,41850,0.160000,0.060000,0.200000,0.380000,0.260000,0.260000
83800,41900,0.140000,0.040000,0.160000,0.460000,0.260000,0.240000
83900,41950,0.160000,0.060000,0.160000,0.340000,0.220000,0.220000
84000,42000,0.160000,0.040000,0.180000,0.540000,0.300000,0.280000
84100,42050,0.140000,0.040000,0.180000,0.340000,0.140000,0.140000
84200,42100,0.160000,0.040000,0.160000,0.320000,0.220000,0.200000
84300,42150,0.140000,0.040000,0.180000,0.400000,0.220000,0.220000
84400,42200,0.160000,0.040000,0.180000,0.460000,0.200000,0.200000
84500,42250,0.180000,0.040000,0.200000,0.280000,0.080000,0.080000
84600,42300,0.140000,0.040000,0.200000,0.280000,0.120000,0.120000
84700,42350,0.160000,0.040000,0.180000,0.440000,0.300000,0.280000
84800,42400,0.140000,0.040000,0.200000,0.740000,0.300000,0.280000
84900,42450,0.140000,0.040000,0.180000,0.440000,0.360000,0.340000
85000,42500,0.140000,0.040000,0.180000,0.400000,0.160000,0.160000
85100,42550,0.160000,0.040000,0.180000,0.300000,0.140000,0.140000
85200,42600,0.140000,0.040000,0.160000,0.360000,0.180000,0.180000
85300,42650,0.140000,0.040000,0.160000,0.280000,0.140000,0.120000
85400,42700,0.140000,0.040000,0.160000,0.280000,0.080000,0.060000
85500,42750,0.140000,0.040000,0.180000,0.300000,0.140000,0.140000
85600,42800,0.140000,0.040000,0.160000,0.500000,0.460000,0.440000
85700,42850,0.160000,0.040000,0.180000,0.440000,0.220000,0.220000
85800,42900,0.140000,0.040000,0.180000,0.440000,0.400000,0.380000
85900,42950,0.160000,0.040000,0.180000,0.420000,0.300000,0.280000
86000,43000,0.160000,0.060000,0.180000,0.360000,0.200000,0.180000
86100,43050,0.140000,0.040000,0.180000,0.320000,0.180000,0.180000
86200,43100,0.140000,0.040000,0.180000,0.500000,0.260000,0.240000
86300,43150,0.140000,0.040000,0.200000,0.360000,0.200000,0.200000
86400,43200,0.140000,0.040000,0.180000,0.300000,0.120000,0.100000
86500,43250,0.140000,0.040000,0.180000,0.400000,0.220000,0.200000
86600,43300,0.160000,0.040000,0.180000,0.420000,0.320000,0.320000
86700,43350,0.160000,0.040000,0.160000,0.340000,0.140000,0.140000
86800,43400,0.140000,0.060000,0.180000,0.440000,0.340000,0.300000
86900,43450,0.160000,0.040000,0.180000,0.360000,0.140000,0.140000
87000,43500,0.200000,0.040000,0.180000,0.620000,0.360000,0.360000
87100,43550,0.160000,0.040000,0.180000,0.540000,0.240000,0.240000
87200,43600,0.140000,0.040000,0.180000,0.460000,0.280000,0.240000
87300,43650,0.140000,0.040000,0.200000,0.560000,0.480000,0.460000
87400,43700,0.160000,0.060000,0.180000,0.360000,0.120000,0.120000
87500,43750,0.180000,0.040000,0.180000,0.320000,0.120000,0.120000
87600,43800,0.200000,0.040000,0.180000,0.360000,0.240000,0.240000
87700,43850,0.140000,0.040000,0.180000,0.280000,0.100000,0.100000
87800,43900,0.140000,0.040000,0.180000,0.420000,0.160000,0.160000
87900,43950,0.160000,0.040000,0.180000,0.240000,0.080000,0.080000
88000,44000,0.140000,0.040000,0.160000,0.440000,0.280000,0.280000
88100,44050,0.140000,0.040000,0.180000,0.440000,0.300000,0.300000
88200,44100,0.140000,0.040000,0.180000,0.420000,0.220000,0.220000
88300,44150,0.140000,0.040000,0.180000,1.120000,0.900000,0.880000
88400,44200,0.140000,0.040000,0.180000,0.280000,0.140000,0.140000
88500,44250,0.160000,0.060000,0.180000,0.340000,0.180000,0.180000
88600,44300,0.140000,0.040000,0.180000,0.480000,0.260000,0.240000
88700,44350,0.140000,0.040000,0.180000,0.500000,0.340000,0.340000
88800,44400,0.140000,0.040000,0.180000,0.380000,0.240000,0.220000
88900,44450,0.140000,0.040000,0.180000,0.620000,0.160000,0.160000
89000,44500,0.160000,0.040000,0.180000,0.520000,0.440000,0.420000
89100,44550,0.160000,0.040000,0.180000,0.320000,0.160000,0.160000
89200,44600,0.160000,0.060000,0.200000,0.360000,0.140000,0.140000
89300,44650,0.120000,0.040000,0.180000,0.760000,0.620000,0.620000
89400,44700,0.140000,0.040000,0.180000,0.380000,0.220000,0.200000
89500,44750,0.160000,0.040000,0.180000,0.360000,0.220000,0.200000
89600,44800,0.140000,0.040000,0.180000,0.540000,0.180000,0.160000
89700,44850,0.140000,0.040000,0.180000,0.440000,0.280000,0.280000
89800,44900,0.120000,0.040000,0.180000,0.320000,0.080000,0.080000
89900,44950,0.140000,0.040000,0.180000,0.480000,0.280000,0.280000
90000,45000,0.140000,0.040000,0.180000,0.400000,0.280000,0.260000
90100,45050,0.140000,0.040000,0.180000,0.340000,0.200000,0.200000
90200,45100,0.140000,0.040000,0.180000,0.480000,0.220000,0.220000
90300,45150,0.140000,0.040000,0.180000,0.380000,0.200000,0.200000
90400,45200,0.160000,0.040000,0.180000,0.440000,0.300000,0.300000
90500,45250,0.140000,0.040000,0.180000,0.380000,0.220000,0.200000
90600,45300,0.160000,0.060000,0.200000,0.420000,0.220000,0.220000
90700,45350,0.140000,0.040000,0.180000,0.660000,0.380000,0.400000
90800,45400,0.140000,0.040000,0.180000,0.380000,0.160000,0.160000
90900,45450,0.140000,0.060000,0.180000,0.380000,0.220000,0.220000
91000,45500,0.160000,0.040000,0.180000,0.420000,0.140000,0.140000
91100,45550,0.240000,0.060000,0.200000,0.500000,0.240000,0.220000
91200,45600,0.140000,0.040000,0.180000,0.440000,0.220000,0.220000
91300,45650,0.160000,0.040000,0.180000,0.560000,0.280000,0.260000
91400,45700,0.140000,0.040000,0.160000,0.360000,0.260000,0.240000
91500,45750,0.140000,0.040000,0.180000,0.400000,0.320000,0.320000
91600,45800,0.180000,0.040000,0.200000,0.600000,0.360000,0.340000
91700,45850,0.140000,0.040000,0.160000,0.340000,0.200000,0.200000
91800,45900,0.140000,0.040000,0.200000,0.400000,0.080000,0.080000
91900,45950,0.120000,0.040000,0.180000,0.460000,0.320000,0.300000
92000,46000,0.140000,0.040000,0.160000,0.660000,0.720000,0.700000
92100,46050,0.140000,0.040000,0.180000,0.360000,0.080000,0.080000
92200,46100,0.380000,0.040000,0.180000,0.780000,0.600000,0.580000
92300,46150,0.200000,0.040000,0.200000,0.480000,0.100000,0.100000
92400,46200,0.140000,0.040000,0.160000,0.560000,0.540000,0.540000
92500,46250,0.140000,0.040000,0.160000,0.560000,0.180000,0.180000
92600,46300,0.140000,0.040000,0.200000,0.500000,0.040000,0.040000
92700,46350,0.140000,0.060000,0.180000,0.640000,0.540000,0.500000
92800,46400,0.160000,0.040000,0.180000,0.500000,0.340000,0.320000
92900,46450,0.140000,0.040000,0.180000,0.620000,0.060000,0.060000
93000,46500,0.520000,0.180000,0.580000,1.960000,1.700000,1.220000
93100,46550,0.200000,0.040000,0.240000,0.580000,0.200000,0.140000
93200,46600,0.160000,0.040000,0.200000,0.300000,0.040000,0.040000
93300,46650,0.160000,0.040000,0.200000,0.700000,0.620000,0.600000
93400,46700,0.140000,0.040000,0.180000,1.400000,1.140000,1.100000
93500,46750,0.160000,0.040000,0.200000,2.700000,0.900000,0.800000
93600,46800,0.280000,0.100000,0.320000,0.680000,0.180000,0.160000
93700,46850,0.200000,0.040000,0.200000,0.420000,0.180000,0.180000
93800,46900,0.160000,0.040000,0.200000,0.420000,0.120000,0.120000
93900,46950,0.160000,0.060000,0.200000,0.940000,0.740000,0.720000
94000,47000,0.160000,0.040000,0.180000,0.660000,0.080000,0.080000
94100,47050,0.180000,0.040000,0.220000,0.480000,0.140000,0.140000
94200,47100,0.240000,0.040000,0.220000,1.420000,0.560000,0.460000
94300,47150,1.120000,0.180000,0.780000,1.360000,1.040000,1.020000
94400,47200,0.200000,0.060000,0.220000,0.440000,0.140000,0.120000
94500,47250,0.160000,0.040000,0.200000,0.380000,0.100000,0.080000
94600,47300,0.160000,0.040000,0.200000,0.600000,0.400000,0.380000
94700,47350,0.180000,0.040000,0.220000,0.680000,0.220000,0.200000
94800,47400,0.180000,0.040000,0.180000,0.640000,0.600000,0.580000
94900,47450,0.220000,0.040000,0.240000,0.620000,0.480000,0.460000
95000,47500,0.160000,0.040000,0.200000,0.720000,0.100000,0.100000
95100,47550,0.140000,0.040000,0.160000,0.660000,0.260000,0.260000
95200,47600,0.140000,0.040000,0.200000,0.660000,0.400000,0.380000
95300,47650,0.180000,0.040000,0.180000,0.720000,0.460000,0.440000
95400,47700,0.180000,0.040000,0.160000,0.380000,0.140000,0.140000
95500,47750,0.160000,0.040000,0.180000,0.640000,0.660000,0.640000
95600,47800,0.140000,0.040000,0.180000,0.720000,0.720000,0.700000
95700,47850,0.120000,0.040000,0.200000,1.280000,0.820000,0.800000
95800,47900,0.160000,0.040000,0.180000,0.380000,0.200000,0.200000
95900,47950,0.300000,0.080000,0.340000,1.080000,0.980000,0.960000
96000,48000,0.140000,0.040000,0.180000,1.400000,1.160000,1.120000
96100,48050,0.120000,0.040000,0.200000,0.540000,0.280000,0.260000
96200,48100,0.140000,0.040000,0.180000,0.500000,0.380000,0.380000
96300,48150,0.140000,0.040000,0.180000,1.180000,0.440000,0.440000
96400,48200,0.180000,0.040000,0.220000,0.360000,0.140000,0.160000
96500,48250,0.140000,0.040000,0.180000,0.400000,0.260000,0.260000
96600,48300,0.140000,0.040000,0.160000,0.700000,0.680000,0.660000
96700,48350,0.160000,0.040000,0.180000,0.740000,0.780000,0.760000
96800,48400,0.160000,0.040000,0.180000,0.460000,0.140000,0.140000
96900,48450,0.160000,0.040000,0.200000,0.260000,0.120000,0.120000
97000,48500,0.200000,0.040000,0.200000,0.360000,0.200000,0.180000
97100,48550,0.140000,0.040000,0.180000,0.340000,0.120000,0.120000
97200,48600,0.120000,0.040000,0.180000,0.320000,0.160000,0.160000
97300,48650,0.140000,0.060000,0.180000,0.240000,0.080000,0.080000
97400,48700,0.140000,0.040000,0.180000,0.260000,0.080000,0.080000
97500,48750,0.160000,0.040000,0.180000,0.460000,0.140000,0.140000
97600,48800,0.160000,0.040000,0.180000,1.400000,1.180000,1.140000
97700,48850,0.140000,0.040000,0.180000,0.660000,0.740000,0.740000
97800,48900,0.140000,0.040000,0.160000,0.900000,0.840000,0.820000
97900,48950,0.140000,0.040000,0.180000,2.340000,0.860000,0.840000
98000,49000,0.140000,0.040000,0.180000,0.600000,0.320000,0.300000
98100,49050,0.160000,0.040000,0.180000,1.140000,1.480000,1.460000
98200,49100,0.140000,0.040000,0.180000,0.380000,0.080000,0.080000
98300,49150,0.180000,0.060000,0.200000,0.800000,0.580000,0.560000
98400,49200,0.160000,0.040000,0.180000,1.640000,0.560000,0.520000
98500,49250,0.180000,0.040000,0.180000,0.380000,0.080000,0.080000
98600,49300,0.160000,0.040000,0.180000,0.380000,0.080000,0.060000
98700,49350,0.140000,0.040000,0.200000,1.460000,0.120000,0.100000
98800,49400,0.140000,0.040000,0.180000,0.500000,0.260000,0.240000
98900,49450,0.140000,0.060000,0.180000,0.680000,0.080000,0.060000
99000,49500,0.140000,0.040000,0.180000,0.220000,0.060000,0.060000
99100,49550,0.160000,0.040000,0.180000,0.540000,0.520000,0.520000
99200,49600,0.160000,0.040000,0.200000,0.260000,0.100000,0.100000
99300,49650,0.160000,0.040000,0.180000,0.240000,0.060000,0.060000
99400,49700,0.120000,0.040000,0.180000,0.380000,0.060000,0.060000
99500,49750,0.160000,0.040000,0.200000,0.440000,0.120000,0.120000
99600,49800,0.120000,0.040000,0.180000,0.400000,0.100000,0.100000
99700,49850,0.140000,0.040000,0.180000,0.300000,0.140000,0.140000
99800,49900,0.140000,0.040000,0.180000,0.280000,0.100000,0.100000
99900,49950,0.140000,0.060000,0.180000,0.280000,0.060000,0.060000
100000,50000,0.160000,0.040000,0.180000,0.240000,0.080000,0.060000
